,Object,LNL,Height,Distance,Yolo_Decision,Speech_Decision,Final_Decision
0,Glasses,0.0,155.0,901.0,0.0,1.0,1.0
1,Chopsticks,0.0,72.0,670.0,0.0,0.0,1.0
2,Baozi,0.0,124.0,712.0,0.0,1.0,1.0
3,Backpack,0.0,134.0,451.0,1.0,1.0,0.0
4,Vase,0.0,169.0,920.0,0.0,0.0,0.0
5,Dumbbell,0.0,193.0,544.0,0.0,0.0,0.0
6,Cake,0.0,112.0,566.0,0.0,1.0,1.0
7,Basketball,0.0,150.0,798.0,0.0,1.0,0.0
8,SUV,0.0,75.0,885.0,0.0,1.0,0.0
9,Telephone,0.0,87.0,775.0,0.0,1.0,0.0
10,Toilet,0.0,93.0,723.0,0.0,1.0,1.0
11,Carriage,0.0,33.0,370.0,1.0,1.0,1.0
12,Baozi,0.0,174.0,813.0,0.0,1.0,0.0
13,Washing Machine/Drying Machine,0.0,86.0,156.0,1.0,1.0,0.0
14,Plate,0.0,12.0,772.0,0.0,1.0,0.0
15,Slippers,0.0,109.0,226.0,1.0,1.0,1.0
16,Bow Tie,0.0,110.0,262.0,1.0,1.0,1.0
17,Rickshaw,0.0,25.0,818.0,0.0,0.0,1.0
18,Brush,0.0,91.0,411.0,1.0,1.0,0.0
19,Trophy,0.0,89.0,119.0,1.0,0.0,0.0
20,Lettuce,0.0,42.0,979.0,0.0,0.0,1.0
21,Game board,0.0,52.0,516.0,0.0,0.0,0.0
22,American Football,0.0,135.0,891.0,0.0,0.0,1.0
23,Chicken,1.0,33.0,63.0,1.0,0.0,1.0
24,Bowl/Basin,0.0,53.0,868.0,0.0,0.0,0.0
25,Camera,0.0,54.0,581.0,0.0,1.0,1.0
26,Towel,0.0,60.0,350.0,1.0,1.0,0.0
27,Cheese,0.0,123.0,101.0,1.0,0.0,0.0
28,Scallop,0.0,87.0,133.0,1.0,0.0,0.0
29,Vase,0.0,34.0,937.0,0.0,0.0,1.0
30,Baseball,0.0,68.0,447.0,1.0,1.0,0.0
31,Leather Shoes,0.0,62.0,479.0,1.0,1.0,1.0
32,Pencil Case,0.0,144.0,569.0,0.0,1.0,0.0
33,Heavy Truck,0.0,189.0,262.0,1.0,1.0,1.0
34,Trolley,0.0,60.0,730.0,0.0,0.0,1.0
35,Sheep,1.0,27.0,115.0,1.0,1.0,1.0
36,Cake,0.0,114.0,319.0,1.0,0.0,0.0
37,Crane,0.0,21.0,126.0,0.0,1.0,0.0
38,Shovel,0.0,173.0,96.0,1.0,1.0,1.0
39,Hot dog,0.0,192.0,526.0,0.0,1.0,1.0
40,Radish,0.0,99.0,476.0,1.0,1.0,1.0
41,Skating and Skiing shoes,0.0,153.0,151.0,1.0,0.0,0.0
42,Oven,0.0,45.0,471.0,1.0,1.0,0.0
43,Avocado,0.0,30.0,941.0,0.0,0.0,1.0
44,Board Eraser,0.0,36.0,257.0,1.0,1.0,1.0
45,Pomegranate,0.0,156.0,963.0,0.0,1.0,1.0
46,Machinery Vehicle,0.0,30.0,234.0,1.0,0.0,0.0
47,Luggage,0.0,28.0,310.0,1.0,1.0,1.0
48,Scissors,0.0,92.0,964.0,0.0,1.0,1.0
49,Parking meter,0.0,188.0,498.0,1.0,1.0,1.0
50,Cymbal,0.0,74.0,845.0,0.0,1.0,1.0
51,Lion,1.0,76.0,99.0,1.0,1.0,0.0
52,Frisbee,0.0,62.0,957.0,0.0,0.0,1.0
53,Billiards,0.0,23.0,302.0,0.0,0.0,0.0
54,Noddles,0.0,37.0,144.0,1.0,1.0,0.0
55,Noddles,0.0,31.0,145.0,1.0,1.0,1.0
56,Microphone,0.0,60.0,393.0,1.0,1.0,1.0
57,Cell Phone,0.0,99.0,406.0,1.0,0.0,1.0
58,Laptop,0.0,185.0,777.0,0.0,0.0,0.0
59,Tennis Racket,0.0,198.0,755.0,0.0,0.0,0.0
60,Balloon,0.0,84.0,401.0,1.0,0.0,1.0
61,Side Table,0.0,56.0,454.0,1.0,1.0,0.0
62,Backpack,0.0,117.0,132.0,1.0,0.0,0.0
63,Mask,0.0,118.0,554.0,0.0,1.0,0.0
64,Surfboard,0.0,51.0,956.0,0.0,0.0,0.0
65,Mask,0.0,197.0,84.0,1.0,1.0,0.0
66,Sink,0.0,77.0,161.0,1.0,1.0,0.0
67,Cup,0.0,82.0,446.0,1.0,1.0,0.0
68,Bed,0.0,83.0,372.0,1.0,1.0,0.0
69,Tape Measure/Ruler,0.0,68.0,617.0,0.0,0.0,1.0
70,Camel,1.0,113.0,466.0,1.0,1.0,0.0
71,Trophy,0.0,49.0,357.0,1.0,1.0,1.0
72,Cheese,0.0,132.0,959.0,0.0,0.0,1.0
73,Cue,0.0,171.0,300.0,1.0,1.0,1.0
74,Cabbage,0.0,160.0,534.0,0.0,0.0,1.0
75,Other Shoes,0.0,69.0,452.0,1.0,0.0,0.0
76,Bracelet,0.0,186.0,406.0,1.0,1.0,1.0
77,Hat,0.0,125.0,634.0,0.0,0.0,0.0
78,Grape,0.0,143.0,999.0,0.0,0.0,0.0
79,Oven,0.0,19.0,531.0,0.0,1.0,1.0
80,Cucumber,0.0,82.0,346.0,1.0,0.0,1.0
81,Mask,0.0,149.0,98.0,1.0,0.0,1.0
82,Radish,0.0,85.0,453.0,1.0,1.0,1.0
83,Bicycle,0.0,54.0,230.0,1.0,0.0,0.0
84,Watch,0.0,103.0,940.0,0.0,0.0,0.0
85,Crab,1.0,29.0,997.0,0.0,0.0,1.0
86,Hockey Stick,0.0,51.0,300.0,1.0,1.0,1.0
87,Crane,0.0,12.0,437.0,0.0,1.0,1.0
88,Hoverboard,0.0,147.0,276.0,1.0,1.0,1.0
89,Speed Limit Sign,0.0,79.0,972.0,0.0,1.0,1.0
90,Potted Plant,0.0,183.0,173.0,1.0,0.0,0.0
91,Curling,0.0,26.0,155.0,1.0,0.0,1.0
92,Lion,1.0,94.0,440.0,1.0,1.0,0.0
93,Snowboard,0.0,85.0,786.0,0.0,0.0,0.0
94,Microphone,0.0,182.0,75.0,1.0,0.0,1.0
95,Noddles,0.0,114.0,410.0,1.0,1.0,1.0
96,Table Tennis paddle,0.0,131.0,768.0,0.0,0.0,0.0
97,Hammer,0.0,80.0,611.0,0.0,1.0,1.0
98,Gloves,0.0,110.0,75.0,1.0,1.0,0.0
99,Kiwi fruit,0.0,49.0,801.0,0.0,0.0,1.0
100,Fishing Rod,0.0,157.0,529.0,0.0,1.0,1.0
101,Kite,0.0,42.0,671.0,0.0,0.0,0.0
102,Parking meter,0.0,51.0,771.0,0.0,0.0,0.0
103,Bread,0.0,162.0,493.0,1.0,0.0,1.0
104,Wild Bird,1.0,103.0,245.0,1.0,0.0,0.0
105,Backpack,0.0,48.0,389.0,1.0,0.0,1.0
106,Pen/Pencil,0.0,91.0,877.0,0.0,1.0,0.0
107,Sandals,0.0,158.0,90.0,1.0,1.0,1.0
108,Plate,0.0,17.0,425.0,0.0,0.0,1.0
109,Dessert,0.0,80.0,200.0,1.0,0.0,1.0
110,Briefcase,0.0,26.0,615.0,0.0,0.0,1.0
111,Butterfly,1.0,175.0,623.0,0.0,1.0,0.0
112,Dessert,0.0,134.0,176.0,1.0,0.0,0.0
113,Bed,0.0,156.0,679.0,0.0,1.0,1.0
114,Wheelchair,0.0,174.0,379.0,1.0,1.0,1.0
115,Heavy Truck,0.0,133.0,96.0,1.0,1.0,0.0
116,Slippers,0.0,77.0,771.0,0.0,1.0,0.0
117,Tuba,0.0,24.0,987.0,0.0,0.0,0.0
118,Banana,0.0,108.0,85.0,1.0,1.0,1.0
119,Ambulance,0.0,128.0,601.0,0.0,1.0,0.0
120,Sandwich,0.0,58.0,156.0,1.0,1.0,0.0
121,Egg,0.0,64.0,372.0,1.0,0.0,0.0
122,Golf Ball,0.0,26.0,752.0,0.0,0.0,1.0
123,earphone,0.0,31.0,524.0,0.0,0.0,0.0
124,Slide,0.0,173.0,925.0,0.0,1.0,0.0
125,Hoverboard,0.0,68.0,501.0,0.0,0.0,0.0
126,Lemon,0.0,157.0,468.0,1.0,1.0,1.0
127,Golf Club,0.0,73.0,652.0,0.0,1.0,1.0
128,Marker,0.0,175.0,462.0,1.0,0.0,0.0
129,Toothbrush,0.0,20.0,634.0,0.0,0.0,1.0
130,Candy,0.0,73.0,686.0,0.0,0.0,0.0
131,Green Onion,0.0,194.0,542.0,0.0,1.0,1.0
132,Trumpet,0.0,47.0,580.0,0.0,1.0,0.0
133,Sheep,1.0,160.0,369.0,1.0,0.0,0.0
134,Car,0.0,152.0,235.0,1.0,1.0,1.0
135,Pen/Pencil,0.0,110.0,597.0,0.0,0.0,1.0
136,Key,0.0,177.0,297.0,1.0,0.0,0.0
137,Swan,0.0,184.0,456.0,1.0,1.0,0.0
138,Toiletry,0.0,116.0,492.0,1.0,0.0,0.0
139,Canned,0.0,182.0,432.0,1.0,0.0,0.0
140,Trash bin Can,0.0,43.0,841.0,0.0,1.0,0.0
141,French Fries,0.0,90.0,51.0,1.0,0.0,0.0
142,Pig,1.0,134.0,809.0,0.0,0.0,0.0
143,Lantern,0.0,55.0,595.0,0.0,0.0,0.0
144,Induction Cooker,0.0,135.0,91.0,1.0,1.0,0.0
145,Cell Phone,0.0,29.0,149.0,1.0,0.0,1.0
146,Pepper,0.0,170.0,547.0,0.0,0.0,0.0
147,Golf Ball,0.0,45.0,613.0,0.0,0.0,1.0
148,Sandals,0.0,80.0,581.0,0.0,0.0,1.0
149,Apple,0.0,120.0,524.0,0.0,1.0,1.0
150,Hat,0.0,80.0,475.0,1.0,0.0,1.0
151,Scooter,0.0,10.0,112.0,0.0,1.0,0.0
152,Butterfly,1.0,199.0,78.0,1.0,0.0,0.0
153,Showerhead,0.0,132.0,284.0,1.0,1.0,1.0
154,Grapefruit,0.0,65.0,709.0,0.0,1.0,1.0
155,Dinning Table,0.0,132.0,468.0,1.0,0.0,1.0
156,Toilet,0.0,165.0,300.0,1.0,0.0,1.0
157,Soap,0.0,105.0,666.0,0.0,0.0,0.0
158,Wallet/Purse,0.0,111.0,872.0,0.0,0.0,1.0
159,Spring Rolls,0.0,152.0,178.0,1.0,0.0,0.0
160,Bicycle,0.0,87.0,184.0,1.0,1.0,1.0
161,Tent,0.0,81.0,998.0,0.0,1.0,1.0
162,Extractor,0.0,133.0,358.0,1.0,0.0,1.0
163,Flute,0.0,127.0,430.0,1.0,1.0,1.0
164,Toaster,0.0,53.0,630.0,0.0,1.0,1.0
165,Cleaning Products,0.0,131.0,98.0,1.0,0.0,1.0
166,Bread,0.0,178.0,628.0,0.0,1.0,1.0
167,Grapefruit,0.0,193.0,897.0,0.0,0.0,0.0
168,Stuffed Toy,0.0,85.0,862.0,0.0,0.0,1.0
169,Flag,0.0,101.0,988.0,0.0,1.0,0.0
170,Tuba,0.0,110.0,452.0,1.0,1.0,0.0
171,Car,0.0,15.0,546.0,0.0,0.0,0.0
172,Tie,0.0,141.0,85.0,1.0,0.0,1.0
173,Key,0.0,58.0,861.0,0.0,1.0,0.0
174,Goldfish,1.0,40.0,909.0,0.0,0.0,0.0
175,Person,1.0,190.0,501.0,0.0,1.0,0.0
176,Person,1.0,177.0,855.0,0.0,0.0,1.0
177,Horse,1.0,30.0,213.0,1.0,0.0,1.0
178,Pen/Pencil,0.0,186.0,230.0,1.0,0.0,1.0
179,Bow Tie,0.0,14.0,312.0,0.0,1.0,0.0
180,Soccer,0.0,88.0,56.0,1.0,0.0,0.0
181,Skateboard,0.0,176.0,437.0,1.0,1.0,1.0
182,Brush,0.0,81.0,660.0,0.0,0.0,1.0
183,Clock,0.0,130.0,780.0,0.0,0.0,0.0
184,Washing Machine/Drying Machine,0.0,188.0,499.0,1.0,1.0,1.0
185,French Fries,0.0,38.0,957.0,0.0,1.0,1.0
186,Machinery Vehicle,0.0,88.0,572.0,0.0,1.0,1.0
187,Recorder,0.0,185.0,383.0,1.0,0.0,1.0
188,Pickup Truck,0.0,33.0,210.0,1.0,0.0,1.0
189,Tent,0.0,112.0,683.0,0.0,1.0,1.0
190,Basket,0.0,162.0,585.0,0.0,0.0,1.0
191,Papaya,0.0,197.0,833.0,0.0,0.0,1.0
192,Picture/Frame,0.0,76.0,572.0,0.0,0.0,0.0
193,Side Table,0.0,184.0,336.0,1.0,1.0,0.0
194,Tissue,0.0,91.0,284.0,1.0,0.0,1.0
195,Projector,0.0,158.0,177.0,1.0,0.0,1.0
196,Van,0.0,66.0,184.0,1.0,1.0,1.0
197,Cup,0.0,17.0,422.0,0.0,1.0,1.0
198,Showerhead,0.0,29.0,816.0,0.0,1.0,1.0
199,Megaphone,0.0,54.0,678.0,0.0,0.0,0.0
200,Camel,1.0,161.0,130.0,1.0,1.0,1.0
201,Pear,0.0,157.0,637.0,0.0,0.0,1.0
202,Balloon,0.0,199.0,930.0,0.0,1.0,0.0
203,Telephone,0.0,20.0,117.0,0.0,0.0,0.0
204,Canned,0.0,114.0,438.0,1.0,1.0,0.0
205,Bow Tie,0.0,51.0,675.0,0.0,1.0,0.0
206,Candy,0.0,10.0,993.0,0.0,0.0,1.0
207,Lamp,0.0,36.0,391.0,1.0,1.0,1.0
208,Mop,0.0,10.0,725.0,0.0,1.0,1.0
209,Paint Brush,0.0,157.0,603.0,0.0,1.0,0.0
210,Cello,0.0,170.0,123.0,1.0,1.0,0.0
211,Grape,0.0,143.0,590.0,0.0,1.0,0.0
212,Tent,0.0,84.0,245.0,1.0,0.0,1.0
213,Papaya,0.0,116.0,533.0,0.0,0.0,1.0
214,Barbell,0.0,150.0,662.0,0.0,1.0,0.0
215,Target,0.0,23.0,326.0,0.0,0.0,1.0
216,Balloon,0.0,108.0,176.0,1.0,0.0,1.0
217,earphone,0.0,174.0,863.0,0.0,0.0,1.0
218,Stapler,0.0,30.0,878.0,0.0,0.0,0.0
219,Green Vegetables,0.0,44.0,322.0,1.0,1.0,0.0
220,Speed Limit Sign,0.0,159.0,968.0,0.0,1.0,1.0
221,Hat,0.0,170.0,537.0,0.0,1.0,0.0
222,Fire Extinguisher,0.0,193.0,672.0,0.0,0.0,1.0
223,Goose,1.0,54.0,476.0,1.0,1.0,0.0
224,Laptop,0.0,126.0,276.0,1.0,0.0,1.0
225,Laptop,0.0,187.0,99.0,1.0,0.0,0.0
226,Trash bin Can,0.0,15.0,238.0,0.0,0.0,0.0
227,Marker,0.0,150.0,432.0,1.0,1.0,0.0
228,Lamp,0.0,145.0,131.0,1.0,1.0,1.0
229,Pillow,0.0,75.0,69.0,1.0,1.0,1.0
230,Cosmetics Brush/Eyeliner Pencil,0.0,35.0,265.0,1.0,0.0,1.0
231,Traffic Light,0.0,107.0,917.0,0.0,0.0,0.0
232,Corn,0.0,196.0,591.0,0.0,1.0,1.0
233,Head Phone,0.0,159.0,777.0,0.0,1.0,1.0
234,Megaphone,0.0,167.0,552.0,0.0,0.0,0.0
235,Peach,0.0,144.0,662.0,0.0,1.0,1.0
236,Marker,0.0,46.0,903.0,0.0,1.0,0.0
237,Egg tart,0.0,28.0,868.0,0.0,1.0,0.0
238,Induction Cooker,0.0,10.0,552.0,0.0,0.0,1.0
239,Canned,0.0,106.0,478.0,1.0,0.0,1.0
240,Towel,0.0,103.0,240.0,1.0,1.0,0.0
241,Trash bin Can,0.0,96.0,550.0,0.0,0.0,0.0
242,Knife,0.0,124.0,863.0,0.0,1.0,1.0
243,Swing,0.0,157.0,162.0,1.0,0.0,1.0
244,Orange/Tangerine,0.0,71.0,118.0,1.0,1.0,0.0
245,Hammer,0.0,176.0,395.0,1.0,0.0,0.0
246,Egg,0.0,37.0,228.0,1.0,0.0,0.0
247,Boat,0.0,44.0,857.0,0.0,1.0,0.0
248,Cosmetics Brush/Eyeliner Pencil,0.0,13.0,585.0,0.0,1.0,0.0
249,American Football,0.0,52.0,171.0,1.0,1.0,0.0
250,Flower,0.0,139.0,525.0,0.0,1.0,0.0
251,Traffic Light,0.0,29.0,483.0,1.0,0.0,0.0
252,Cigar/Cigarette,0.0,23.0,108.0,0.0,0.0,0.0
253,Bottle,0.0,92.0,193.0,1.0,1.0,0.0
254,Butterfly,1.0,17.0,79.0,1.0,0.0,1.0
255,Poker Card,0.0,20.0,784.0,0.0,0.0,1.0
256,Candy,0.0,41.0,861.0,0.0,1.0,1.0
257,earphone,0.0,146.0,326.0,1.0,0.0,1.0
258,Monkey,1.0,45.0,856.0,0.0,0.0,1.0
259,earphone,0.0,198.0,987.0,0.0,0.0,1.0
260,Tripod,0.0,68.0,338.0,1.0,1.0,0.0
261,Baozi,0.0,178.0,855.0,0.0,0.0,0.0
262,Egg,0.0,17.0,83.0,0.0,1.0,0.0
263,Extension Cord,0.0,36.0,399.0,1.0,0.0,0.0
264,Pig,1.0,174.0,411.0,1.0,0.0,1.0
265,Egg,0.0,99.0,155.0,1.0,0.0,0.0
266,Rice,0.0,78.0,604.0,0.0,1.0,0.0
267,Dumpling,0.0,178.0,455.0,1.0,1.0,1.0
268,Gas stove,0.0,65.0,319.0,1.0,0.0,0.0
269,Cup,0.0,134.0,801.0,0.0,1.0,1.0
270,Briefcase,0.0,194.0,770.0,0.0,0.0,1.0
271,Screwdriver,0.0,76.0,222.0,1.0,0.0,0.0
272,Basket,0.0,82.0,67.0,1.0,0.0,1.0
273,Carpet,0.0,199.0,586.0,0.0,1.0,1.0
274,Rice Cooker,0.0,88.0,553.0,0.0,0.0,0.0
275,Car,0.0,56.0,51.0,1.0,1.0,0.0
276,Candy,0.0,21.0,606.0,0.0,1.0,1.0
277,Flask,0.0,156.0,392.0,1.0,1.0,1.0
278,Dinning Table,0.0,74.0,90.0,1.0,1.0,1.0
279,Keyboard,0.0,15.0,690.0,0.0,1.0,0.0
280,Okra,0.0,72.0,243.0,1.0,1.0,1.0
281,Cello,0.0,42.0,897.0,0.0,0.0,1.0
282,Papaya,0.0,172.0,879.0,0.0,1.0,1.0
283,Heavy Truck,0.0,91.0,175.0,1.0,1.0,1.0
284,Bed,0.0,77.0,340.0,1.0,1.0,0.0
285,Calculator,0.0,180.0,430.0,1.0,0.0,0.0
286,Washing Machine/Drying Machine,0.0,92.0,114.0,1.0,1.0,0.0
287,Tea pot,0.0,152.0,204.0,1.0,0.0,0.0
288,Laptop,0.0,104.0,783.0,0.0,1.0,1.0
289,Carrot,0.0,146.0,274.0,1.0,0.0,0.0
290,Watch,0.0,66.0,153.0,1.0,1.0,0.0
291,Garlic,0.0,66.0,849.0,0.0,1.0,1.0
292,Egg,0.0,158.0,153.0,1.0,0.0,1.0
293,Orange/Tangerine,0.0,107.0,208.0,1.0,1.0,0.0
294,Duck,1.0,112.0,682.0,0.0,1.0,0.0
295,Goldfish,1.0,112.0,935.0,0.0,0.0,0.0
296,Lobster,1.0,177.0,287.0,1.0,1.0,1.0
297,Vase,0.0,176.0,152.0,1.0,1.0,1.0
298,Steak,0.0,60.0,317.0,1.0,0.0,1.0
299,Flute,0.0,190.0,695.0,0.0,1.0,1.0
300,Bench,0.0,85.0,784.0,0.0,0.0,1.0
301,Lettuce,0.0,71.0,236.0,1.0,0.0,0.0
302,Sports Car,0.0,108.0,110.0,1.0,0.0,0.0
303,Durian,0.0,150.0,104.0,1.0,1.0,1.0
304,Hoverboard,0.0,35.0,122.0,1.0,1.0,1.0
305,Pumpkin,0.0,16.0,782.0,0.0,1.0,1.0
306,Pigeon,1.0,37.0,502.0,0.0,0.0,0.0
307,Parrot,1.0,29.0,455.0,1.0,0.0,1.0
308,Hockey Stick,0.0,87.0,571.0,0.0,1.0,1.0
309,Swan,0.0,152.0,803.0,0.0,1.0,0.0
310,Cosmetics Brush/Eyeliner Pencil,0.0,67.0,897.0,0.0,1.0,1.0
311,Toothbrush,0.0,21.0,771.0,0.0,1.0,0.0
312,Pie,0.0,90.0,960.0,0.0,0.0,0.0
313,Drum,0.0,120.0,799.0,0.0,0.0,0.0
314,Tissue,0.0,192.0,294.0,1.0,0.0,0.0
315,Soccer,0.0,171.0,753.0,0.0,1.0,0.0
316,Tent,0.0,129.0,578.0,0.0,1.0,1.0
317,Okra,0.0,199.0,876.0,0.0,1.0,0.0
318,Bicycle,0.0,145.0,414.0,1.0,0.0,0.0
319,Extension Cord,0.0,183.0,393.0,1.0,0.0,1.0
320,Notepaper,0.0,30.0,783.0,0.0,1.0,0.0
321,Hurdle,0.0,194.0,912.0,0.0,1.0,1.0
322,Bus,0.0,19.0,492.0,0.0,1.0,1.0
323,Chair,0.0,149.0,997.0,0.0,1.0,1.0
324,Air Conditioner,0.0,63.0,468.0,1.0,0.0,1.0
325,Monitor/TV,0.0,76.0,661.0,0.0,1.0,1.0
326,Tea pot,0.0,96.0,302.0,1.0,0.0,0.0
327,Blackboard/Whiteboard,0.0,93.0,750.0,0.0,1.0,0.0
328,Duck,1.0,88.0,123.0,1.0,0.0,1.0
329,Pickup Truck,0.0,130.0,706.0,0.0,1.0,1.0
330,Helicopter,0.0,114.0,777.0,0.0,1.0,1.0
331,Power outlet,0.0,14.0,159.0,0.0,0.0,0.0
332,Hanger,0.0,197.0,609.0,0.0,0.0,1.0
333,Soccer,0.0,109.0,876.0,0.0,1.0,1.0
334,Piano,0.0,124.0,51.0,1.0,0.0,0.0
335,Hamburger,0.0,200.0,129.0,0.0,1.0,1.0
336,Drum,0.0,71.0,246.0,1.0,1.0,1.0
337,Frisbee,0.0,138.0,710.0,0.0,0.0,1.0
338,Wild Bird,1.0,12.0,485.0,1.0,0.0,0.0
339,Lettuce,0.0,171.0,893.0,0.0,0.0,1.0
340,Baseball,0.0,194.0,888.0,0.0,0.0,0.0
341,Slippers,0.0,129.0,497.0,1.0,1.0,0.0
342,Awning,0.0,58.0,296.0,1.0,0.0,1.0
343,Flute,0.0,177.0,635.0,0.0,1.0,1.0
344,Fire Truck,0.0,122.0,639.0,0.0,1.0,0.0
345,Elephant,1.0,10.0,947.0,1.0,0.0,1.0
346,Ambulance,0.0,30.0,835.0,0.0,0.0,0.0
347,Peach,0.0,58.0,579.0,0.0,1.0,1.0
348,Airplane,0.0,77.0,255.0,1.0,0.0,1.0
349,Mango,0.0,71.0,458.0,1.0,0.0,0.0
350,Mask,0.0,33.0,795.0,0.0,0.0,0.0
351,Blackboard/Whiteboard,0.0,148.0,980.0,0.0,1.0,0.0
352,Speaker,0.0,137.0,782.0,0.0,1.0,0.0
353,Trumpet,0.0,50.0,767.0,0.0,0.0,1.0
354,Plum,0.0,10.0,115.0,0.0,1.0,1.0
355,Comb,0.0,123.0,469.0,1.0,0.0,1.0
356,Jellyfish,1.0,97.0,798.0,0.0,0.0,0.0
357,Oyster,0.0,14.0,451.0,0.0,1.0,1.0
358,Radiator,0.0,105.0,254.0,1.0,1.0,0.0
359,Machinery Vehicle,0.0,134.0,529.0,0.0,1.0,1.0
360,Power outlet,0.0,133.0,792.0,0.0,1.0,0.0
361,Donut,0.0,93.0,615.0,0.0,1.0,0.0
362,Rice Cooker,0.0,123.0,725.0,0.0,1.0,0.0
363,Heavy Truck,0.0,121.0,439.0,1.0,1.0,0.0
364,Carrot,0.0,154.0,929.0,0.0,0.0,0.0
365,Noddles,0.0,115.0,834.0,0.0,1.0,1.0
366,Pillow,0.0,103.0,259.0,1.0,0.0,0.0
367,Target,0.0,115.0,923.0,0.0,0.0,0.0
368,Telephone,0.0,118.0,71.0,1.0,0.0,0.0
369,Recorder,0.0,70.0,171.0,1.0,1.0,1.0
370,Jug,0.0,100.0,440.0,1.0,0.0,0.0
371,Ice cream,0.0,72.0,954.0,0.0,0.0,1.0
372,Picture/Frame,0.0,106.0,212.0,1.0,1.0,0.0
373,Barrel/bucket,0.0,40.0,461.0,1.0,0.0,0.0
374,Meat ball,0.0,75.0,130.0,1.0,0.0,1.0
375,Baozi,0.0,95.0,297.0,1.0,1.0,1.0
376,Flag,0.0,168.0,404.0,1.0,0.0,0.0
377,Lobster,1.0,144.0,647.0,0.0,0.0,1.0
378,Extension Cord,0.0,68.0,377.0,1.0,0.0,1.0
379,Helicopter,0.0,44.0,348.0,1.0,1.0,1.0
380,Swan,0.0,22.0,988.0,0.0,0.0,0.0
381,Extension Cord,0.0,113.0,760.0,0.0,1.0,1.0
382,Paint Brush,0.0,87.0,253.0,1.0,1.0,1.0
383,Recorder,0.0,25.0,180.0,1.0,0.0,0.0
384,Lamp,0.0,60.0,416.0,1.0,1.0,1.0
385,Toaster,0.0,46.0,990.0,0.0,1.0,0.0
386,Flask,0.0,99.0,353.0,1.0,0.0,1.0
387,Book,0.0,152.0,50.0,1.0,0.0,1.0
388,Leather Shoes,0.0,112.0,454.0,1.0,0.0,1.0
389,Medal,0.0,16.0,128.0,0.0,1.0,1.0
390,Necklace,0.0,170.0,234.0,1.0,1.0,1.0
391,Necklace,0.0,69.0,737.0,0.0,0.0,0.0
392,Swing,0.0,190.0,664.0,0.0,0.0,1.0
393,Egg,0.0,103.0,742.0,0.0,1.0,1.0
394,Grape,0.0,147.0,761.0,0.0,0.0,0.0
395,Cosmetics,0.0,117.0,943.0,0.0,0.0,0.0
396,Stapler,0.0,133.0,207.0,1.0,1.0,1.0
397,Goldfish,1.0,61.0,325.0,1.0,0.0,1.0
398,Cigar/Cigarette,0.0,174.0,961.0,0.0,0.0,1.0
399,Paddle,0.0,103.0,154.0,1.0,1.0,1.0
400,Hat,0.0,59.0,922.0,0.0,0.0,0.0
401,Dinning Table,0.0,80.0,475.0,1.0,1.0,1.0
402,Dumbbell,0.0,83.0,856.0,0.0,0.0,0.0
403,Notepaper,0.0,89.0,149.0,1.0,0.0,1.0
404,Asparagus,0.0,61.0,907.0,0.0,0.0,0.0
405,Gas stove,0.0,166.0,90.0,1.0,1.0,1.0
406,Pumpkin,0.0,19.0,866.0,0.0,0.0,1.0
407,Helicopter,0.0,88.0,690.0,0.0,0.0,0.0
408,Gas stove,0.0,78.0,997.0,0.0,1.0,1.0
409,Strawberry,0.0,144.0,504.0,0.0,1.0,0.0
410,Swan,0.0,115.0,279.0,1.0,0.0,1.0
411,Baseball Glove,0.0,155.0,896.0,0.0,1.0,0.0
412,Blackboard/Whiteboard,0.0,99.0,925.0,0.0,1.0,0.0
413,Barbell,0.0,153.0,982.0,0.0,0.0,1.0
414,American Football,0.0,132.0,572.0,0.0,1.0,1.0
415,Awning,0.0,102.0,843.0,0.0,0.0,0.0
416,Pickup Truck,0.0,172.0,452.0,1.0,1.0,1.0
417,Eraser,0.0,62.0,570.0,0.0,1.0,0.0
418,Golf Club,0.0,107.0,504.0,0.0,0.0,0.0
419,Pen/Pencil,0.0,97.0,634.0,0.0,0.0,0.0
420,Telephone,0.0,42.0,865.0,0.0,0.0,0.0
421,Sports Car,0.0,147.0,690.0,0.0,0.0,1.0
422,Cosmetics Mirror,0.0,127.0,519.0,0.0,1.0,1.0
423,Paint Brush,0.0,50.0,424.0,1.0,1.0,1.0
424,Volleyball,0.0,154.0,866.0,0.0,0.0,0.0
425,Flute,0.0,58.0,844.0,0.0,0.0,0.0
426,Bow Tie,0.0,156.0,196.0,1.0,0.0,1.0
427,Blender,0.0,167.0,719.0,0.0,0.0,0.0
428,Target,0.0,102.0,892.0,0.0,1.0,1.0
429,Luggage,0.0,141.0,567.0,0.0,0.0,0.0
430,Eraser,0.0,37.0,262.0,1.0,0.0,0.0
431,Radiator,0.0,10.0,69.0,0.0,0.0,0.0
432,Golf Club,0.0,125.0,656.0,0.0,1.0,0.0
433,Mushroom,0.0,176.0,858.0,0.0,1.0,0.0
434,Violin,0.0,106.0,543.0,0.0,1.0,0.0
435,Donut,0.0,185.0,430.0,1.0,0.0,1.0
436,Boat,0.0,31.0,800.0,0.0,1.0,0.0
437,Cabbage,0.0,25.0,441.0,1.0,1.0,0.0
438,Handbag/Satchel,0.0,126.0,231.0,1.0,0.0,1.0
439,Cell Phone,0.0,85.0,79.0,1.0,1.0,1.0
440,Hurdle,0.0,142.0,235.0,1.0,1.0,1.0
441,Onion,0.0,56.0,553.0,0.0,0.0,0.0
442,Pickup Truck,0.0,31.0,268.0,1.0,1.0,1.0
443,Grapefruit,0.0,89.0,562.0,0.0,0.0,1.0
444,Golf Club,0.0,80.0,308.0,1.0,1.0,0.0
445,Dessert,0.0,101.0,695.0,0.0,1.0,0.0
446,Pillow,0.0,166.0,752.0,0.0,0.0,0.0
447,Tricycle,0.0,115.0,217.0,1.0,1.0,0.0
448,Cow,1.0,30.0,747.0,0.0,1.0,1.0
449,Tuba,0.0,43.0,537.0,0.0,1.0,1.0
450,Telephone,0.0,195.0,508.0,0.0,0.0,1.0
451,Ladder,0.0,188.0,282.0,1.0,1.0,0.0
452,Sandwich,0.0,127.0,644.0,0.0,1.0,0.0
453,Pasta,0.0,190.0,961.0,0.0,1.0,1.0
454,Tripod,0.0,162.0,823.0,0.0,0.0,1.0
455,Apple,0.0,16.0,805.0,0.0,0.0,0.0
456,Elephant,1.0,21.0,838.0,0.0,0.0,1.0
457,Butterfly,1.0,104.0,169.0,1.0,1.0,1.0
458,Peach,0.0,35.0,675.0,0.0,0.0,1.0
459,Skateboard,0.0,81.0,441.0,1.0,1.0,0.0
460,Jellyfish,1.0,170.0,877.0,0.0,1.0,0.0
461,Pig,1.0,42.0,702.0,0.0,1.0,0.0
462,Giraffe,1.0,39.0,135.0,1.0,1.0,0.0
463,Treadmill,0.0,169.0,223.0,1.0,1.0,1.0
464,Stapler,0.0,155.0,187.0,1.0,0.0,1.0
465,Tape Measure/Ruler,0.0,128.0,275.0,1.0,0.0,1.0
466,Wallet/Purse,0.0,188.0,147.0,1.0,0.0,0.0
467,Crane,0.0,187.0,935.0,0.0,1.0,1.0
468,Stuffed Toy,0.0,59.0,502.0,0.0,1.0,0.0
469,Baozi,0.0,132.0,615.0,0.0,0.0,0.0
470,Calculator,0.0,185.0,954.0,0.0,1.0,0.0
471,Cherry,0.0,12.0,570.0,0.0,1.0,0.0
472,Scooter,0.0,131.0,897.0,0.0,1.0,0.0
473,Duck,1.0,18.0,360.0,1.0,1.0,0.0
474,Tablet,0.0,41.0,227.0,1.0,0.0,1.0
475,Dog,1.0,140.0,357.0,1.0,0.0,0.0
476,Plate,0.0,10.0,920.0,0.0,1.0,0.0
477,Skateboard,0.0,57.0,401.0,1.0,0.0,0.0
478,Bus,0.0,125.0,108.0,1.0,1.0,0.0
479,Tape,0.0,108.0,774.0,0.0,1.0,1.0
480,Papaya,0.0,169.0,421.0,1.0,1.0,0.0
481,Golf Ball,0.0,114.0,567.0,0.0,0.0,0.0
482,Kite,0.0,124.0,866.0,0.0,0.0,1.0
483,Pizza,0.0,184.0,492.0,1.0,1.0,1.0
484,Umbrella,0.0,197.0,335.0,1.0,0.0,1.0
485,Tie,0.0,146.0,834.0,0.0,0.0,1.0
486,Glasses,0.0,68.0,925.0,0.0,1.0,0.0
487,Grapefruit,0.0,109.0,640.0,0.0,1.0,1.0
488,Towel,0.0,45.0,657.0,0.0,0.0,0.0
489,Avocado,0.0,112.0,542.0,0.0,0.0,1.0
490,Heavy Truck,0.0,39.0,742.0,0.0,1.0,1.0
491,Flask,0.0,182.0,968.0,0.0,0.0,1.0
492,Ice cream,0.0,161.0,143.0,1.0,1.0,0.0
493,Helicopter,0.0,182.0,84.0,1.0,1.0,0.0
494,Dessert,0.0,127.0,954.0,0.0,0.0,1.0
495,Umbrella,0.0,36.0,835.0,0.0,1.0,0.0
496,Peach,0.0,26.0,757.0,0.0,1.0,0.0
497,Monitor/TV,0.0,24.0,474.0,0.0,0.0,0.0
498,Green Vegetables,0.0,72.0,612.0,0.0,1.0,0.0
499,Game board,0.0,106.0,488.0,1.0,1.0,0.0
500,Flask,0.0,125.0,540.0,0.0,1.0,0.0
501,French Fries,0.0,164.0,156.0,1.0,1.0,1.0
502,Jellyfish,1.0,17.0,267.0,1.0,0.0,1.0
503,Scooter,0.0,167.0,173.0,1.0,1.0,0.0
504,Motorcycle,0.0,37.0,448.0,1.0,1.0,1.0
505,Hair Dryer,0.0,44.0,620.0,0.0,0.0,0.0
506,Bow Tie,0.0,138.0,261.0,1.0,0.0,0.0
507,Folder,0.0,90.0,950.0,0.0,0.0,0.0
508,Coffee Table,0.0,143.0,180.0,1.0,0.0,0.0
509,Toothbrush,0.0,184.0,55.0,1.0,0.0,1.0
510,Green Onion,0.0,116.0,374.0,1.0,0.0,1.0
511,Green beans,0.0,40.0,408.0,1.0,0.0,0.0
512,Bottle,0.0,47.0,925.0,0.0,1.0,1.0
513,Dishwasher,0.0,53.0,440.0,1.0,1.0,1.0
514,Hoverboard,0.0,99.0,65.0,1.0,0.0,0.0
515,Bear,0.0,183.0,369.0,1.0,0.0,1.0
516,Sneakers,0.0,173.0,164.0,1.0,1.0,1.0
517,Tablet,0.0,63.0,277.0,1.0,0.0,0.0
518,Converter,0.0,131.0,144.0,1.0,1.0,0.0
519,Tie,0.0,125.0,642.0,0.0,0.0,1.0
520,Stool,0.0,156.0,398.0,1.0,0.0,1.0
521,Pliers,0.0,79.0,733.0,0.0,0.0,1.0
522,Coffee Table,0.0,173.0,703.0,0.0,0.0,1.0
523,Plum,0.0,18.0,871.0,0.0,0.0,1.0
524,Radiator,0.0,192.0,126.0,1.0,0.0,1.0
525,Tent,0.0,170.0,312.0,1.0,0.0,0.0
526,Scallop,0.0,98.0,104.0,1.0,1.0,0.0
527,Bottle,0.0,159.0,226.0,1.0,1.0,0.0
528,Lion,1.0,134.0,335.0,1.0,0.0,1.0
529,Other Fish,1.0,66.0,422.0,1.0,0.0,0.0
530,Pencil Case,0.0,68.0,886.0,0.0,0.0,1.0
531,Converter,0.0,97.0,932.0,0.0,0.0,0.0
532,Picture/Frame,0.0,175.0,250.0,1.0,1.0,1.0
533,Bathtub,0.0,173.0,415.0,1.0,1.0,1.0
534,Corn,0.0,11.0,376.0,0.0,0.0,0.0
535,Tent,0.0,73.0,921.0,0.0,0.0,0.0
536,Awning,0.0,171.0,624.0,0.0,1.0,0.0
537,Hot-air balloon,0.0,95.0,306.0,1.0,0.0,1.0
538,Blender,0.0,67.0,966.0,0.0,1.0,0.0
539,Cue,0.0,167.0,402.0,1.0,0.0,1.0
540,Swan,0.0,106.0,221.0,1.0,1.0,1.0
541,Head Phone,0.0,189.0,198.0,1.0,1.0,1.0
542,Hamimelon,0.0,63.0,926.0,0.0,0.0,0.0
543,Umbrella,0.0,85.0,810.0,0.0,0.0,0.0
544,Nuts,0.0,134.0,398.0,1.0,1.0,1.0
545,Airplane,0.0,67.0,847.0,0.0,0.0,0.0
546,Chicken,1.0,191.0,900.0,0.0,0.0,1.0
547,Bracelet,0.0,198.0,60.0,1.0,0.0,1.0
548,Durian,0.0,119.0,319.0,1.0,0.0,0.0
549,Cue,0.0,44.0,792.0,0.0,0.0,0.0
550,Bread,0.0,188.0,847.0,0.0,1.0,0.0
551,Baozi,0.0,136.0,432.0,1.0,1.0,1.0
552,Stop Sign,0.0,78.0,601.0,0.0,1.0,1.0
553,Volleyball,0.0,48.0,336.0,1.0,1.0,0.0
554,Traffic Light,0.0,118.0,295.0,1.0,1.0,1.0
555,Surveillance Camera,0.0,125.0,785.0,0.0,0.0,0.0
556,Green beans,0.0,14.0,774.0,0.0,0.0,0.0
557,Bus,0.0,142.0,940.0,0.0,0.0,1.0
558,Blackboard/Whiteboard,0.0,105.0,137.0,1.0,1.0,0.0
559,Wheelchair,0.0,180.0,164.0,1.0,0.0,0.0
560,Canned,0.0,44.0,449.0,1.0,1.0,0.0
561,Car,0.0,65.0,455.0,1.0,0.0,1.0
562,Penguin,1.0,127.0,737.0,0.0,1.0,0.0
563,Cello,0.0,54.0,380.0,1.0,1.0,0.0
564,Faucet,0.0,138.0,153.0,1.0,1.0,0.0
565,Canned,0.0,108.0,667.0,0.0,0.0,0.0
566,Target,0.0,21.0,244.0,0.0,1.0,0.0
567,Basket,0.0,200.0,628.0,0.0,1.0,0.0
568,Dessert,0.0,188.0,133.0,1.0,0.0,0.0
569,Hamimelon,0.0,153.0,96.0,1.0,1.0,0.0
570,Helmet,0.0,69.0,234.0,1.0,0.0,1.0
571,Helicopter,0.0,84.0,981.0,0.0,1.0,1.0
572,Scissors,0.0,88.0,334.0,1.0,1.0,1.0
573,Binoculars,0.0,50.0,91.0,1.0,1.0,0.0
574,Keyboard,0.0,19.0,372.0,0.0,0.0,0.0
575,Sandals,0.0,191.0,302.0,1.0,0.0,0.0
576,Watch,0.0,191.0,897.0,0.0,0.0,1.0
577,Broccoli,0.0,45.0,136.0,1.0,0.0,1.0
578,Radish,0.0,76.0,245.0,1.0,1.0,1.0
579,Coconut,0.0,185.0,546.0,0.0,1.0,0.0
580,Orange/Tangerine,0.0,63.0,157.0,1.0,0.0,1.0
581,Board Eraser,0.0,88.0,493.0,1.0,0.0,1.0
582,Antelope,1.0,97.0,629.0,0.0,0.0,0.0
583,Leather Shoes,0.0,24.0,194.0,0.0,0.0,0.0
584,Wild Bird,1.0,133.0,718.0,0.0,1.0,1.0
585,Comb,0.0,72.0,279.0,1.0,1.0,1.0
586,Binoculars,0.0,94.0,734.0,0.0,0.0,0.0
587,Cleaning Products,0.0,122.0,398.0,1.0,0.0,1.0
588,Peach,0.0,160.0,793.0,0.0,0.0,1.0
589,Speaker,0.0,139.0,283.0,1.0,1.0,1.0
590,Barrel/bucket,0.0,54.0,989.0,0.0,1.0,1.0
591,Desk,0.0,181.0,65.0,1.0,1.0,1.0
592,Jug,0.0,137.0,551.0,0.0,1.0,0.0
593,Traffic Sign,0.0,117.0,56.0,1.0,1.0,1.0
594,Scallop,0.0,133.0,77.0,1.0,1.0,0.0
595,Tablet,0.0,36.0,265.0,1.0,0.0,0.0
596,Camera,0.0,41.0,656.0,0.0,0.0,0.0
597,Billiards,0.0,65.0,274.0,1.0,1.0,1.0
598,Seal,1.0,191.0,131.0,1.0,0.0,1.0
599,Tablet,0.0,56.0,256.0,1.0,1.0,0.0
600,Barbell,0.0,133.0,946.0,0.0,0.0,1.0
601,Washing Machine/Drying Machine,0.0,27.0,281.0,1.0,1.0,1.0
602,Crane,0.0,192.0,368.0,1.0,0.0,1.0
603,Frisbee,0.0,166.0,874.0,0.0,0.0,0.0
604,Baseball Glove,0.0,126.0,306.0,1.0,1.0,0.0
605,Clock,0.0,194.0,88.0,1.0,0.0,0.0
606,Stroller,0.0,179.0,760.0,0.0,0.0,1.0
607,Eggplant,0.0,24.0,505.0,0.0,0.0,1.0
608,Mirror,0.0,190.0,276.0,1.0,1.0,0.0
609,Converter,0.0,166.0,944.0,0.0,1.0,0.0
610,Traffic cone,0.0,33.0,717.0,0.0,0.0,1.0
611,American Football,0.0,195.0,855.0,0.0,1.0,1.0
612,Toilet,0.0,64.0,803.0,0.0,1.0,1.0
613,Duck,1.0,123.0,639.0,0.0,1.0,0.0
614,Scallop,0.0,46.0,245.0,1.0,1.0,0.0
615,Trombone,0.0,123.0,202.0,1.0,1.0,1.0
616,Hamimelon,0.0,150.0,762.0,0.0,1.0,0.0
617,Treadmill,0.0,149.0,686.0,0.0,1.0,1.0
618,Printer,0.0,180.0,829.0,0.0,1.0,1.0
619,Dog,1.0,190.0,688.0,0.0,1.0,1.0
620,Radish,0.0,72.0,629.0,0.0,1.0,0.0
621,Chicken,1.0,58.0,964.0,0.0,1.0,1.0
622,Cleaning Products,0.0,39.0,247.0,1.0,0.0,0.0
623,Cheese,0.0,128.0,534.0,0.0,0.0,0.0
624,Rice,0.0,55.0,67.0,1.0,1.0,0.0
625,Pen/Pencil,0.0,149.0,535.0,0.0,0.0,1.0
626,Fire Hydrant,0.0,27.0,977.0,0.0,0.0,0.0
627,Vase,0.0,28.0,416.0,1.0,1.0,0.0
628,Airplane,0.0,103.0,417.0,1.0,0.0,1.0
629,Coconut,0.0,77.0,719.0,0.0,0.0,0.0
630,Horse,1.0,68.0,310.0,1.0,0.0,1.0
631,Strawberry,0.0,59.0,290.0,1.0,0.0,1.0
632,Handbag/Satchel,0.0,10.0,559.0,0.0,1.0,1.0
633,Coffee Machine,0.0,154.0,414.0,1.0,0.0,0.0
634,Board Eraser,0.0,108.0,401.0,1.0,1.0,1.0
635,Candy,0.0,144.0,905.0,0.0,1.0,1.0
636,Snowboard,0.0,175.0,662.0,0.0,0.0,1.0
637,Lipstick,0.0,155.0,223.0,1.0,1.0,1.0
638,Gloves,0.0,108.0,106.0,1.0,0.0,1.0
639,Fire Extinguisher,0.0,142.0,87.0,1.0,0.0,1.0
640,Stroller,0.0,188.0,366.0,1.0,1.0,1.0
641,Jellyfish,1.0,147.0,477.0,1.0,1.0,1.0
642,Cello,0.0,190.0,418.0,1.0,0.0,0.0
643,Candle,0.0,117.0,701.0,0.0,1.0,1.0
644,Rickshaw,0.0,108.0,86.0,1.0,0.0,1.0
645,Trash bin Can,0.0,191.0,739.0,0.0,0.0,1.0
646,Cookies,0.0,72.0,277.0,1.0,1.0,0.0
647,Recorder,0.0,31.0,913.0,0.0,0.0,1.0
648,Candy,0.0,174.0,461.0,1.0,0.0,0.0
649,Poker Card,0.0,174.0,658.0,0.0,0.0,0.0
650,Trumpet,0.0,109.0,120.0,1.0,1.0,1.0
651,Board Eraser,0.0,35.0,443.0,1.0,1.0,1.0
652,Mirror,0.0,111.0,275.0,1.0,1.0,1.0
653,Baseball Bat,0.0,117.0,146.0,1.0,0.0,1.0
654,Donut,0.0,113.0,932.0,0.0,0.0,0.0
655,Fire Extinguisher,0.0,183.0,748.0,0.0,1.0,1.0
656,Speaker,0.0,159.0,870.0,0.0,0.0,1.0
657,Crosswalk Sign,0.0,50.0,942.0,0.0,1.0,1.0
658,Baseball Glove,0.0,147.0,583.0,0.0,1.0,0.0
659,Red Cabbage,0.0,141.0,186.0,1.0,1.0,0.0
660,Lemon,0.0,117.0,883.0,0.0,1.0,1.0
661,Tissue,0.0,79.0,705.0,0.0,1.0,1.0
662,Rabbit,0.0,85.0,991.0,0.0,1.0,1.0
663,Rice,0.0,149.0,733.0,0.0,1.0,1.0
664,Coffee Machine,0.0,50.0,999.0,0.0,1.0,1.0
665,Dinning Table,0.0,88.0,208.0,1.0,0.0,1.0
666,Meat ball,0.0,193.0,408.0,1.0,1.0,0.0
667,Avocado,0.0,41.0,474.0,1.0,1.0,0.0
668,Orange/Tangerine,0.0,42.0,197.0,1.0,1.0,0.0
669,Cosmetics,0.0,146.0,621.0,0.0,0.0,0.0
670,Parking meter,0.0,38.0,93.0,1.0,1.0,0.0
671,Key,0.0,131.0,556.0,0.0,1.0,1.0
672,Drum,0.0,131.0,893.0,0.0,0.0,1.0
673,Tissue,0.0,88.0,403.0,1.0,1.0,1.0
674,Nightstand,0.0,18.0,367.0,0.0,0.0,1.0
675,Coffee Machine,0.0,12.0,778.0,0.0,0.0,1.0
676,Grapefruit,0.0,50.0,743.0,0.0,0.0,0.0
677,Helicopter,0.0,141.0,888.0,0.0,1.0,0.0
678,Handbag/Satchel,0.0,127.0,756.0,0.0,1.0,0.0
679,Mirror,0.0,148.0,604.0,0.0,1.0,0.0
680,Shrimp,1.0,79.0,693.0,0.0,0.0,0.0
681,Rabbit,0.0,41.0,850.0,0.0,0.0,1.0
682,Piano,0.0,80.0,783.0,0.0,0.0,0.0
683,Spring Rolls,0.0,58.0,721.0,0.0,1.0,1.0
684,Speed Limit Sign,0.0,153.0,530.0,0.0,0.0,1.0
685,Baseball Glove,0.0,88.0,344.0,1.0,0.0,1.0
686,Rabbit,0.0,46.0,355.0,1.0,0.0,1.0
687,Mask,0.0,173.0,379.0,1.0,0.0,0.0
688,Pigeon,1.0,118.0,950.0,0.0,1.0,0.0
689,Apple,0.0,63.0,438.0,1.0,1.0,1.0
690,Saxophone,0.0,73.0,515.0,0.0,0.0,0.0
691,Street Lights,0.0,68.0,528.0,0.0,1.0,1.0
692,Faucet,0.0,100.0,235.0,1.0,0.0,0.0
693,Head Phone,0.0,22.0,563.0,0.0,1.0,0.0
694,Keyboard,0.0,35.0,207.0,1.0,1.0,1.0
695,Comb,0.0,156.0,641.0,0.0,0.0,1.0
696,Scissors,0.0,166.0,437.0,1.0,0.0,0.0
697,Toothbrush,0.0,134.0,258.0,1.0,1.0,1.0
698,Dog,1.0,105.0,267.0,1.0,1.0,0.0
699,Flag,0.0,44.0,67.0,1.0,1.0,1.0
700,Treadmill,0.0,171.0,296.0,1.0,1.0,1.0
701,Table Tennis paddle,0.0,66.0,370.0,1.0,0.0,1.0
702,Giraffe,1.0,72.0,646.0,0.0,1.0,1.0
703,Barbell,0.0,127.0,543.0,0.0,0.0,0.0
704,Camera,0.0,69.0,468.0,1.0,1.0,0.0
705,Traffic Light,0.0,39.0,464.0,1.0,0.0,1.0
706,Surveillance Camera,0.0,137.0,726.0,0.0,1.0,1.0
707,Stroller,0.0,56.0,985.0,0.0,1.0,1.0
708,Bread,0.0,85.0,165.0,1.0,1.0,1.0
709,Treadmill,0.0,49.0,225.0,1.0,0.0,1.0
710,Van,0.0,79.0,873.0,0.0,1.0,1.0
711,Broom,0.0,17.0,184.0,0.0,1.0,0.0
712,Blender,0.0,73.0,485.0,1.0,0.0,0.0
713,Pig,1.0,20.0,477.0,1.0,1.0,0.0
714,Mirror,0.0,62.0,582.0,0.0,0.0,0.0
715,Wallet/Purse,0.0,102.0,888.0,0.0,1.0,0.0
716,Sports Car,0.0,64.0,910.0,0.0,0.0,1.0
717,Car,0.0,29.0,770.0,0.0,1.0,1.0
718,Mop,0.0,112.0,378.0,1.0,1.0,0.0
719,Poker Card,0.0,200.0,315.0,0.0,1.0,1.0
720,Sausage,0.0,25.0,427.0,1.0,0.0,0.0
721,Saxophone,0.0,16.0,251.0,0.0,1.0,0.0
722,Head Phone,0.0,36.0,928.0,0.0,1.0,1.0
723,Bus,0.0,135.0,595.0,0.0,0.0,1.0
724,Goldfish,1.0,59.0,344.0,1.0,0.0,1.0
725,Train,0.0,133.0,59.0,1.0,0.0,1.0
726,Tie,0.0,100.0,637.0,0.0,0.0,1.0
727,Drum,0.0,80.0,446.0,1.0,0.0,1.0
728,Tomato,0.0,172.0,893.0,0.0,0.0,1.0
729,Tuba,0.0,147.0,541.0,0.0,1.0,1.0
730,Mouse,1.0,47.0,285.0,1.0,0.0,0.0
731,Monitor/TV,0.0,138.0,337.0,1.0,1.0,0.0
732,Pepper,0.0,93.0,187.0,1.0,1.0,0.0
733,Scissors,0.0,12.0,478.0,0.0,1.0,0.0
734,Airplane,0.0,11.0,499.0,0.0,1.0,0.0
735,Street Lights,0.0,51.0,718.0,0.0,0.0,0.0
736,Fork,0.0,173.0,820.0,0.0,1.0,1.0
737,Asparagus,0.0,194.0,90.0,1.0,0.0,1.0
738,Airplane,0.0,28.0,928.0,0.0,0.0,0.0
739,Cookies,0.0,192.0,435.0,1.0,0.0,0.0
740,Grape,0.0,167.0,488.0,1.0,1.0,1.0
741,Couch,0.0,81.0,962.0,0.0,0.0,0.0
742,Sandwich,0.0,103.0,196.0,1.0,1.0,0.0
743,Handbag/Satchel,0.0,23.0,989.0,0.0,1.0,0.0
744,Traffic cone,0.0,191.0,699.0,0.0,1.0,0.0
745,Skateboard,0.0,121.0,371.0,1.0,1.0,0.0
746,Extension Cord,0.0,97.0,422.0,1.0,0.0,1.0
747,Steak,0.0,95.0,689.0,0.0,1.0,0.0
748,Other Shoes,0.0,58.0,798.0,0.0,1.0,1.0
749,Hot dog,0.0,70.0,87.0,1.0,0.0,1.0
750,Pliers,0.0,59.0,770.0,0.0,1.0,0.0
751,Pot,0.0,154.0,234.0,1.0,0.0,0.0
752,Key,0.0,33.0,362.0,1.0,0.0,0.0
753,Guitar,0.0,157.0,220.0,1.0,0.0,1.0
754,Screwdriver,0.0,67.0,131.0,1.0,0.0,0.0
755,Sneakers,0.0,137.0,284.0,1.0,0.0,0.0
756,Seal,1.0,110.0,453.0,1.0,0.0,0.0
757,Marker,0.0,182.0,477.0,1.0,0.0,0.0
758,Donut,0.0,83.0,633.0,0.0,1.0,1.0
759,Eraser,0.0,151.0,245.0,1.0,1.0,0.0
760,Showerhead,0.0,53.0,930.0,0.0,1.0,0.0
761,Cymbal,0.0,95.0,65.0,1.0,0.0,0.0
762,Boots,0.0,29.0,984.0,0.0,0.0,1.0
763,Bus,0.0,55.0,114.0,1.0,0.0,0.0
764,Gas stove,0.0,56.0,432.0,1.0,0.0,1.0
765,Wheelchair,0.0,88.0,594.0,0.0,0.0,1.0
766,Pineapple,0.0,70.0,343.0,1.0,0.0,1.0
767,Trophy,0.0,50.0,95.0,1.0,1.0,1.0
768,Book,0.0,157.0,342.0,1.0,0.0,0.0
769,Parrot,1.0,157.0,924.0,0.0,0.0,1.0
770,Lemon,0.0,174.0,720.0,0.0,0.0,1.0
771,Toothbrush,0.0,121.0,496.0,1.0,1.0,0.0
772,Soap,0.0,142.0,720.0,0.0,0.0,1.0
773,Skating and Skiing shoes,0.0,83.0,430.0,1.0,0.0,0.0
774,earphone,0.0,57.0,216.0,1.0,1.0,0.0
775,Pickup Truck,0.0,148.0,584.0,0.0,1.0,1.0
776,Scale,0.0,56.0,367.0,1.0,1.0,1.0
777,Nuts,0.0,63.0,656.0,0.0,1.0,0.0
778,Slide,0.0,32.0,507.0,0.0,1.0,1.0
779,Cosmetics Mirror,0.0,186.0,368.0,1.0,0.0,1.0
780,SUV,0.0,183.0,351.0,1.0,0.0,1.0
781,Showerhead,0.0,88.0,464.0,1.0,1.0,1.0
782,Trolley,0.0,127.0,947.0,0.0,1.0,1.0
783,Pepper,0.0,96.0,965.0,0.0,0.0,1.0
784,Parking meter,0.0,114.0,69.0,1.0,0.0,0.0
785,Cosmetics,0.0,18.0,284.0,0.0,1.0,0.0
786,Baozi,0.0,27.0,515.0,0.0,1.0,1.0
787,Desk,0.0,21.0,255.0,0.0,1.0,0.0
788,Baseball Glove,0.0,171.0,246.0,1.0,0.0,0.0
789,Brush,0.0,190.0,88.0,1.0,0.0,0.0
790,Apple,0.0,120.0,845.0,0.0,1.0,1.0
791,Parrot,1.0,36.0,626.0,0.0,1.0,1.0
792,Golf Ball,0.0,31.0,803.0,0.0,0.0,0.0
793,Converter,0.0,23.0,270.0,0.0,0.0,1.0
794,Trombone,0.0,70.0,385.0,1.0,0.0,1.0
795,Boots,0.0,49.0,177.0,1.0,1.0,0.0
796,Tong,0.0,77.0,203.0,1.0,0.0,0.0
797,Cosmetics,0.0,30.0,267.0,1.0,0.0,0.0
798,Meat ball,0.0,153.0,757.0,0.0,0.0,0.0
799,Bear,0.0,66.0,64.0,1.0,0.0,0.0
800,Snowboard,0.0,146.0,964.0,0.0,1.0,1.0
801,Telephone,0.0,117.0,645.0,0.0,0.0,1.0
802,Comb,0.0,183.0,807.0,0.0,0.0,0.0
803,Bottle,0.0,139.0,304.0,1.0,1.0,0.0
804,Sailboat,0.0,85.0,791.0,0.0,0.0,0.0
805,Corn,0.0,181.0,215.0,1.0,0.0,1.0
806,Soccer,0.0,103.0,557.0,0.0,1.0,0.0
807,Red Cabbage,0.0,70.0,566.0,0.0,0.0,0.0
808,Strawberry,0.0,72.0,666.0,0.0,1.0,1.0
809,Snowboard,0.0,32.0,174.0,1.0,1.0,0.0
810,Formula 1,0.0,164.0,106.0,1.0,0.0,1.0
811,Eggplant,0.0,90.0,140.0,1.0,0.0,1.0
812,Toilet Paper,0.0,12.0,939.0,0.0,1.0,1.0
813,Cat,1.0,148.0,887.0,0.0,1.0,1.0
814,Brush,0.0,161.0,82.0,1.0,1.0,0.0
815,Dog,1.0,13.0,505.0,0.0,0.0,0.0
816,Coffee Table,0.0,194.0,89.0,1.0,1.0,0.0
817,Donkey,1.0,128.0,96.0,1.0,1.0,1.0
818,Lobster,1.0,158.0,409.0,1.0,1.0,0.0
819,Tomato,0.0,181.0,996.0,0.0,0.0,0.0
820,Airplane,0.0,121.0,913.0,0.0,0.0,1.0
821,Ambulance,0.0,94.0,110.0,1.0,0.0,0.0
822,Tissue,0.0,92.0,816.0,0.0,1.0,0.0
823,Egg,0.0,186.0,870.0,0.0,0.0,0.0
824,Snowboard,0.0,11.0,835.0,0.0,1.0,1.0
825,Papaya,0.0,124.0,495.0,1.0,1.0,0.0
826,Target,0.0,21.0,642.0,0.0,1.0,0.0
827,Okra,0.0,126.0,924.0,0.0,1.0,0.0
828,Crosswalk Sign,0.0,42.0,245.0,1.0,1.0,0.0
829,Sausage,0.0,61.0,83.0,1.0,1.0,1.0
830,Traffic Sign,0.0,197.0,710.0,0.0,0.0,1.0
831,Scissors,0.0,79.0,306.0,1.0,0.0,0.0
832,Keyboard,0.0,52.0,800.0,0.0,0.0,1.0
833,Lemon,0.0,145.0,386.0,1.0,1.0,1.0
834,Hamburger,0.0,30.0,220.0,1.0,1.0,0.0
835,Screwdriver,0.0,20.0,470.0,0.0,0.0,1.0
836,Paddle,0.0,90.0,238.0,1.0,0.0,1.0
837,Sandals,0.0,195.0,655.0,0.0,0.0,0.0
838,Bear,0.0,127.0,819.0,0.0,1.0,1.0
839,Strawberry,0.0,48.0,855.0,0.0,1.0,0.0
840,Sandwich,0.0,76.0,111.0,1.0,1.0,1.0
841,Necklace,0.0,64.0,959.0,0.0,1.0,1.0
842,Target,0.0,69.0,114.0,1.0,0.0,1.0
843,Piano,0.0,176.0,776.0,0.0,1.0,0.0
844,Calculator,0.0,196.0,966.0,0.0,1.0,0.0
845,Necklace,0.0,164.0,824.0,0.0,1.0,1.0
846,Trumpet,0.0,128.0,705.0,0.0,1.0,0.0
847,Pickup Truck,0.0,87.0,962.0,0.0,1.0,1.0
848,Shovel,0.0,167.0,757.0,0.0,0.0,1.0
849,Tea pot,0.0,136.0,962.0,0.0,1.0,0.0
850,High Heels,0.0,101.0,71.0,1.0,0.0,1.0
851,Gloves,0.0,31.0,108.0,1.0,1.0,1.0
852,Piano,0.0,130.0,516.0,0.0,1.0,0.0
853,Other Balls,0.0,94.0,233.0,1.0,1.0,0.0
854,Pumpkin,0.0,118.0,664.0,0.0,1.0,1.0
855,Medal,0.0,17.0,307.0,0.0,1.0,0.0
856,Speaker,0.0,160.0,458.0,1.0,0.0,1.0
857,Tape Measure/Ruler,0.0,17.0,731.0,0.0,1.0,0.0
858,Tie,0.0,183.0,664.0,0.0,0.0,1.0
859,Van,0.0,185.0,866.0,0.0,1.0,1.0
860,Elephant,1.0,190.0,441.0,1.0,1.0,0.0
861,Truck,0.0,69.0,83.0,1.0,0.0,1.0
862,Toilet,0.0,146.0,170.0,1.0,1.0,0.0
863,Soap,0.0,12.0,863.0,0.0,0.0,0.0
864,Handbag/Satchel,0.0,186.0,838.0,0.0,0.0,0.0
865,Hoverboard,0.0,60.0,936.0,0.0,1.0,0.0
866,Belt,0.0,169.0,224.0,1.0,0.0,0.0
867,Potato,0.0,131.0,881.0,0.0,0.0,0.0
868,Dolphin,1.0,158.0,568.0,0.0,1.0,0.0
869,Stroller,0.0,141.0,781.0,0.0,1.0,0.0
870,Bench,0.0,34.0,835.0,0.0,1.0,0.0
871,Napkin,0.0,45.0,647.0,0.0,0.0,1.0
872,Mango,0.0,199.0,238.0,1.0,0.0,0.0
873,Brush,0.0,40.0,103.0,1.0,1.0,1.0
874,Watch,0.0,178.0,626.0,0.0,1.0,0.0
875,Oven,0.0,146.0,352.0,1.0,1.0,0.0
876,Cosmetics Brush/Eyeliner Pencil,0.0,23.0,411.0,0.0,0.0,0.0
877,Seal,1.0,16.0,527.0,0.0,1.0,1.0
878,Rabbit,0.0,141.0,818.0,0.0,1.0,1.0
879,Paddle,0.0,150.0,180.0,1.0,0.0,0.0
880,Hat,0.0,186.0,929.0,0.0,1.0,1.0
881,Handbag/Satchel,0.0,164.0,106.0,1.0,1.0,0.0
882,Pomegranate,0.0,112.0,187.0,1.0,1.0,1.0
883,Goldfish,1.0,135.0,618.0,0.0,1.0,0.0
884,Poker Card,0.0,115.0,257.0,1.0,1.0,1.0
885,Router/modem,0.0,111.0,450.0,1.0,1.0,1.0
886,Boots,0.0,182.0,281.0,1.0,0.0,0.0
887,Mushroom,0.0,179.0,586.0,0.0,0.0,1.0
888,Horse,1.0,88.0,678.0,0.0,0.0,1.0
889,Green Vegetables,0.0,169.0,309.0,1.0,1.0,1.0
890,Curling,0.0,195.0,403.0,1.0,0.0,0.0
891,Chainsaw,0.0,113.0,301.0,1.0,1.0,0.0
892,Asparagus,0.0,178.0,403.0,1.0,1.0,0.0
893,Toiletry,0.0,106.0,960.0,0.0,0.0,0.0
894,Ladder,0.0,105.0,664.0,0.0,1.0,1.0
895,Tablet,0.0,169.0,206.0,1.0,1.0,1.0
896,Sink,0.0,177.0,883.0,0.0,0.0,1.0
897,Dog,1.0,151.0,453.0,1.0,0.0,0.0
898,Stapler,0.0,164.0,267.0,1.0,1.0,0.0
899,Shovel,0.0,132.0,518.0,0.0,0.0,0.0
900,Oven,0.0,72.0,102.0,1.0,0.0,0.0
901,Bed,0.0,125.0,618.0,0.0,1.0,1.0
902,Pie,0.0,180.0,974.0,0.0,1.0,1.0
903,Scooter,0.0,177.0,323.0,1.0,0.0,1.0
904,Urinal,0.0,190.0,399.0,1.0,0.0,0.0
905,Telephone,0.0,157.0,115.0,1.0,1.0,1.0
906,Spring Rolls,0.0,155.0,665.0,0.0,0.0,0.0
907,Hamimelon,0.0,153.0,833.0,0.0,0.0,1.0
908,Mirror,0.0,64.0,176.0,1.0,0.0,1.0
909,Helmet,0.0,76.0,754.0,0.0,1.0,0.0
910,Slide,0.0,128.0,943.0,0.0,0.0,1.0
911,Skating and Skiing shoes,0.0,149.0,631.0,0.0,1.0,0.0
912,Cello,0.0,192.0,379.0,1.0,1.0,0.0
913,Tape,0.0,93.0,318.0,1.0,1.0,1.0
914,Egg,0.0,73.0,382.0,1.0,1.0,0.0
915,Toilet,0.0,105.0,862.0,0.0,0.0,0.0
916,Urinal,0.0,35.0,369.0,1.0,1.0,1.0
917,Extractor,0.0,14.0,583.0,0.0,0.0,0.0
918,Soap,0.0,74.0,351.0,1.0,1.0,1.0
919,Swan,0.0,20.0,615.0,0.0,0.0,1.0
920,High Heels,0.0,116.0,132.0,1.0,1.0,1.0
921,Screwdriver,0.0,160.0,337.0,1.0,1.0,1.0
922,Side Table,0.0,120.0,713.0,0.0,0.0,0.0
923,Lemon,0.0,84.0,485.0,1.0,1.0,0.0
924,Flute,0.0,18.0,124.0,0.0,0.0,0.0
925,Traffic Light,0.0,78.0,968.0,0.0,0.0,1.0
926,Pot,0.0,29.0,906.0,0.0,0.0,0.0
927,Lamp,0.0,89.0,822.0,0.0,0.0,0.0
928,Hamimelon,0.0,155.0,688.0,0.0,0.0,0.0
929,Dessert,0.0,40.0,61.0,1.0,0.0,0.0
930,Shovel,0.0,168.0,707.0,0.0,1.0,0.0
931,Motorcycle,0.0,122.0,339.0,1.0,0.0,1.0
932,Bus,0.0,163.0,415.0,1.0,1.0,0.0
933,Hamimelon,0.0,59.0,768.0,0.0,1.0,0.0
934,Lantern,0.0,140.0,519.0,0.0,1.0,0.0
935,Pasta,0.0,86.0,756.0,0.0,0.0,0.0
936,Eraser,0.0,17.0,435.0,0.0,0.0,0.0
937,Other Fish,1.0,44.0,457.0,1.0,0.0,0.0
938,Toaster,0.0,144.0,360.0,1.0,1.0,1.0
939,Camera,0.0,112.0,50.0,1.0,1.0,1.0
940,Screwdriver,0.0,73.0,711.0,0.0,1.0,1.0
941,Printer,0.0,81.0,361.0,1.0,1.0,1.0
942,Hockey Stick,0.0,43.0,149.0,1.0,0.0,1.0
943,Hurdle,0.0,124.0,572.0,0.0,0.0,0.0
944,Seal,1.0,149.0,199.0,1.0,1.0,1.0
945,Apple,0.0,25.0,600.0,0.0,1.0,0.0
946,Dog,1.0,84.0,206.0,1.0,1.0,1.0
947,Paddle,0.0,94.0,106.0,1.0,1.0,0.0
948,Trombone,0.0,134.0,591.0,0.0,1.0,1.0
949,Okra,0.0,184.0,846.0,0.0,0.0,1.0
950,Toiletry,0.0,162.0,130.0,1.0,0.0,0.0
951,Dishwasher,0.0,176.0,491.0,1.0,0.0,1.0
952,Trumpet,0.0,128.0,245.0,1.0,1.0,1.0
953,Traffic cone,0.0,44.0,364.0,1.0,1.0,1.0
954,Bread,0.0,106.0,758.0,0.0,0.0,0.0
955,Chainsaw,0.0,190.0,973.0,0.0,0.0,1.0
956,Crane,0.0,187.0,179.0,1.0,1.0,0.0
957,Mirror,0.0,140.0,994.0,0.0,1.0,0.0
958,Curling,0.0,149.0,523.0,0.0,0.0,0.0
959,Golf Club,0.0,59.0,157.0,1.0,0.0,1.0
960,Rickshaw,0.0,150.0,53.0,1.0,1.0,0.0
961,Towel,0.0,92.0,76.0,1.0,0.0,1.0
962,Green Onion,0.0,62.0,231.0,1.0,0.0,1.0
963,Sausage,0.0,47.0,237.0,1.0,0.0,1.0
964,Book,0.0,21.0,398.0,0.0,1.0,1.0
965,Folder,0.0,98.0,769.0,0.0,1.0,1.0
966,Bicycle,0.0,86.0,387.0,1.0,0.0,1.0
967,Vase,0.0,130.0,299.0,1.0,1.0,1.0
968,Pineapple,0.0,126.0,533.0,0.0,1.0,1.0
969,Hamimelon,0.0,171.0,165.0,1.0,0.0,0.0
970,Asparagus,0.0,69.0,88.0,1.0,1.0,1.0
971,Stuffed Toy,0.0,162.0,963.0,0.0,0.0,1.0
972,Cheese,0.0,78.0,671.0,0.0,0.0,0.0
973,Target,0.0,193.0,170.0,1.0,0.0,1.0
974,Oyster,0.0,104.0,326.0,1.0,0.0,1.0
975,Router/modem,0.0,163.0,972.0,0.0,0.0,0.0
976,Boat,0.0,156.0,614.0,0.0,0.0,0.0
977,Butterfly,1.0,49.0,274.0,1.0,1.0,1.0
978,Other Shoes,0.0,192.0,427.0,1.0,0.0,1.0
979,Car,0.0,55.0,475.0,1.0,1.0,0.0
980,Marker,0.0,119.0,790.0,0.0,1.0,0.0
981,Guitar,0.0,181.0,331.0,1.0,1.0,0.0
982,Canned,0.0,143.0,179.0,1.0,0.0,1.0
983,Tuba,0.0,197.0,864.0,0.0,1.0,1.0
984,Marker,0.0,189.0,424.0,1.0,0.0,0.0
985,Cigar/Cigarette,0.0,166.0,559.0,0.0,0.0,0.0
986,Towel,0.0,51.0,498.0,1.0,1.0,0.0
987,Bow Tie,0.0,112.0,414.0,1.0,0.0,0.0
988,Bread,0.0,184.0,220.0,1.0,0.0,1.0
989,Tong,0.0,79.0,154.0,1.0,0.0,1.0
990,Toaster,0.0,83.0,277.0,1.0,0.0,0.0
991,Luggage,0.0,68.0,81.0,1.0,0.0,0.0
992,Chainsaw,0.0,162.0,89.0,1.0,1.0,0.0
993,Flute,0.0,107.0,586.0,0.0,1.0,0.0
994,Rice,0.0,27.0,824.0,0.0,1.0,0.0
995,Router/modem,0.0,50.0,56.0,1.0,0.0,1.0
996,Banana,0.0,198.0,647.0,0.0,0.0,0.0
997,Jug,0.0,119.0,947.0,0.0,0.0,1.0
998,Red Cabbage,0.0,155.0,53.0,1.0,0.0,1.0
999,Fishing Rod,0.0,79.0,667.0,0.0,0.0,1.0
